Date,EVI,Precipitation,Days_from_Start
2000-02-18,0.4346,158.65708255767822,0
2000-03-05,0.396,94.85071325302124,16
2000-03-21,0.3985,127.88092517852785,32
2000-04-06,0.39929998,93.39009714126588,48
2000-04-22,0.3798,125.11221361160278,64
2000-05-08,0.3445,39.897032737731934,80
2000-05-24,0.33359998,5.149967193603516,96
2000-06-09,0.31599998,0.0,112
2000-06-25,0.3028,0.0,128
2000-07-11,0.2927,0.0,144
2000-07-27,0.29709998,0.0,160
2000-08-12,0.3037,0.0,176
2000-08-28,0.3002,0.0,192
2000-09-13,0.2902,23.725879669189453,208
2000-09-29,0.34309998,0.0,224
2000-10-15,0.36609998,31.43014907836914,240
2000-10-31,0.412,17.777697563171387,256
2000-11-16,0.3653,135.4531168937683,272
2000-12-02,0.4386,12.160276412963867,288
2000-12-18,0.4324,309.05396842956543,304
2001-01-03,0.42479998,45.570695877075195,320
2001-01-19,0.42584997,42.92869400978088,336
2001-02-04,0.4269,80.44177651405334,352
2001-02-20,0.4414,83.65977144241333,368
2001-03-08,0.43129998,106.65278959274292,384
2001-03-24,0.3773,162.4511594772339,400
2001-04-09,0.3997,73.23621153831482,416
2001-04-25,0.36879998,100.84660530090332,432
2001-05-11,0.3312,23.442169189453125,448
2001-05-27,0.3259,17.970051288604736,464
2001-06-12,0.3233,0.0,480
2001-06-28,0.29299998,0.0,496
2001-07-14,0.30859998,0.0,512
2001-07-30,0.2753,0.0,528
2001-08-15,0.27109998,0.0,544
2001-08-31,0.2753,0.0,560
2001-09-16,0.2699,5.125399112701416,576
2001-10-02,0.29029998,10.250798225402832,592
2001-10-18,0.34719998,32.91913414001465,608
2001-11-03,0.3365,54.330278396606445,624
2001-11-19,0.34939998,35.77237129211426,640
2001-12-05,0.40489998,134.16150665283203,656
2001-12-21,0.3293,34.27642631530762,672
2002-01-06,0.2829,177.18888664245603,688
2002-01-22,0.3628,181.56769275665283,704
2002-02-07,0.4461,56.75814247131348,720
2002-02-23,0.359,30.215145111083984,736
2002-03-11,0.39699998,49.30277466773987,752
2002-03-27,0.32709998,84.81196236610413,768
2002-04-12,0.3929,96.49584627151488,784
2002-04-28,0.35459998,17.6218900680542,800
2002-05-14,0.33139998,10.581196784973145,816
2002-05-30,0.3062,11.829298973083496,832
2002-06-15,0.326,0.0,848
2002-07-01,0.31379998,0.0,864
2002-07-17,0.3008,0.0,880
2002-08-02,0.2893,0.0,896
2002-08-18,0.28,0.0,912
2002-09-03,0.2611,4.13069486618042,928
2002-09-19,0.2926,4.720794200897217,944
2002-10-05,0.3197,36.32922434806824,960
2002-10-21,0.3146,0.0,976
2002-11-06,0.35459998,73.84833359718323,992
2002-11-22,0.3338,37.294705390930176,1008
2002-12-08,0.35459998,88.12690925598145,1024
2002-12-24,0.3405,73.62466621398926,1040
2003-01-09,0.43109998,100.63147068023682,1056
2003-01-25,0.38459998,82.49609136581421,1072
2003-02-10,0.4312,35.4593186378479,1088
2003-02-26,0.355,208.7369031906128,1104
2003-03-14,0.3787,95.56039047241212,1120
2003-03-30,0.3479,119.55412292480467,1136
2003-04-15,0.3719,70.75212836265564,1152
2003-05-01,0.325,5.287782192230225,1168
2003-05-17,0.3286,22.64304542541504,1184
2003-06-02,0.3195,6.695719361305237,1200
2003-06-18,0.3105,0.0,1216
2003-07-04,0.2994,0.0,1232
2003-07-20,0.2995,0.0,1248
2003-08-05,0.3066,0.0,1264
2003-08-21,0.2883,0.0,1280
2003-09-06,0.2927,9.911298751831056,1296
2003-09-22,0.32729998,0.0,1312
2003-10-08,0.3444,15.706303596496582,1328
2003-10-24,0.32979998,44.95238399505615,1344
2003-11-09,0.37809998,76.60889863967896,1360
2003-11-25,0.3593,17.641462802886963,1376
2003-12-11,0.33049998,74.1799259185791,1392
2003-12-27,0.4233,95.10131740570068,1408
2004-01-12,0.4188,82.8369812965393,1424
2004-01-28,0.44349998,196.310209274292,1440
2004-02-13,0.4312,201.17908477783203,1456
2004-02-29,0.42249998,104.7299575805664,1472
2004-03-16,0.4161,74.28002548217773,1488
2004-04-01,0.39119998,129.28897619247437,1504
2004-04-17,0.3454,37.187650203704834,1520
2004-05-03,0.3515,23.836981296539307,1536
2004-05-19,0.3152,0.0,1552
2004-06-04,0.29979998,0.0,1568
2004-06-20,0.2936,3.312896251678467,1584
2004-07-06,0.29479998,0.0,1600
2004-07-22,0.2818,0.0,1616
2004-08-07,0.278,0.0,1632
2004-08-23,0.273,0.0,1648
2004-09-08,0.27019998,11.29871654510498,1664
2004-09-24,0.2798,8.237459182739258,1680
2004-10-10,0.2972,51.48762083053589,1696
2004-10-26,0.38079998,78.74290370941162,1712
2004-11-11,0.3338,0.0,1728
2004-11-27,0.3601,72.95419359207153,1744
2004-12-13,0.35799998,65.85982608795166,1760
2004-12-29,0.3771,126.26849412918092,1776
2005-01-14,0.4303,107.13662576675416,1792
2005-01-30,0.35189998,121.1545000076294,1808
2005-02-15,0.39209998,163.32032203674316,1824
2005-03-03,0.4247,108.27888870239258,1840
2005-03-19,0.3962,157.12378644943237,1856
2005-04-04,0.3516,140.1380910873413,1872
2005-04-20,0.40129998,3.041679620742798,1888
2005-05-06,0.3372,87.11060810089111,1904
2005-05-22,0.3365,0.0,1920
2005-06-07,0.3204,17.471264839172363,1936
2005-06-23,0.3121,0.0,1952
2005-07-09,0.322,0.0,1968
2005-07-25,0.28599998,0.0,1984
2005-08-10,0.2926,0.0,2000
2005-08-26,0.29189998,0.0,2016
2005-09-11,0.2826,0.0,2032
2005-09-27,0.3042,19.81019926071167,2048
2005-10-13,0.3803,18.75294303894043,2064
2005-10-29,0.35029998,6.476062774658203,2080
2005-11-14,0.3487,50.80319786071777,2096
2005-11-30,0.3585,74.1761212348938,2112
2005-12-16,0.3593,158.48630380630493,2128
2006-01-01,0.38459998,76.57511305809021,2144
2006-01-17,0.3678,45.099974155426025,2160
2006-02-02,0.3608,47.64107918739319,2176
2006-02-18,0.3685,113.80769634246826,2192
2006-03-06,0.3398,72.22451329231262,2208
2006-03-22,0.43179998,177.32225227355957,2224
2006-04-07,0.36229998,162.8094778060913,2240
2006-04-23,0.3461,154.22632789611816,2256
2006-05-09,0.3626,46.34111928939819,2272
2006-05-25,0.32209998,11.846129417419434,2288
2006-06-10,0.31689999,0.0,2304
2006-06-26,0.3419,0.0,2320
2006-07-12,0.2972,0.0,2336
2006-07-28,0.28779998,0.0,2352
2006-08-13,0.24329999,0.0,2368
2006-08-29,0.24149999,0.0,2384
2006-09-14,0.2645,6.8391499519348145,2400
2006-09-30,0.2747,44.12644004821777,2416
2006-10-16,0.3701,27.953341484069824,2432
2006-11-01,0.3705,94.08185911178587,2448
2006-11-17,0.3741,73.99054336547852,2464
2006-12-03,0.3945,34.763147830963135,2480
2006-12-19,0.4141,74.87472343444824,2496
2007-01-04,0.3102,97.74661827087402,2512
2007-01-20,0.4348,59.86096620559693,2528
2007-02-05,0.3712,84.5247631072998,2544
2007-02-21,0.4737,171.56070137023926,2560
2007-03-09,0.4622,102.42657959461212,2576
2007-03-25,0.3574,103.66444063186646,2592
2007-04-10,0.34149998,32.80499982833862,2608
2007-04-26,0.3816,111.95615863800047,2624
2007-05-12,0.3533,44.66743278503418,2640
2007-05-28,0.3366,0.0,2656
2007-06-13,0.3013,0.0,2672
2007-06-29,0.3094,0.0,2688
2007-07-15,0.31599998,0.0,2704
2007-07-31,0.3123,0.0,2720
2007-08-16,0.3057,0.0,2736
2007-09-01,0.2981,0.0,2752
2007-09-17,0.2935,0.0,2768
2007-10-03,0.2462,7.314603805541992,2784
2007-10-19,0.2324,7.298654556274414,2800
2007-11-04,0.253,29.81313848495483,2816
2007-11-20,0.2616,12.921384334564207,2832
2007-12-06,0.31579998,137.81141638755798,2848
2007-12-22,0.40539998,90.26619338989258,2864
2008-01-07,0.3287,62.630648612976074,2880
2008-01-23,0.4364,123.77443265914916,2896
2008-02-08,0.47779998,131.35248947143555,2912
2008-02-24,0.4666,100.11768794059752,2928
2008-03-11,0.4958,101.8079113960266,2944
2008-03-27,0.466,148.19837141036987,2960
2008-04-12,0.40579998,165.24393129348755,2976
2008-04-28,0.3924,50.975340366363525,2992
2008-05-14,0.36409998,15.474826097488403,3008
2008-05-30,0.33789998,6.8685243129730225,3024
2008-06-15,0.3198,0.0,3040
2008-07-01,0.30679998,0.0,3056
2008-07-17,0.29909998,0.0,3072
2008-08-02,0.2944,0.0,3088
2008-08-18,0.2935,0.0,3104
2008-09-03,0.2924,0.0,3120
2008-09-19,0.247,0.0,3136
2008-10-05,0.2647,41.29598665237427,3152
2008-10-21,0.2619,15.598169326782228,3168
2008-11-06,0.2619,25.20520401000977,3184
2008-11-22,0.3459,56.74099969863891,3200
2008-12-08,0.3198,102.92599964141846,3216
2008-12-24,0.3383,193.98624539375305,3232
2009-01-09,0.3619,89.7949492931366,3248
2009-01-25,0.489,55.45030212402344,3264
2009-02-10,0.4746,73.35858917236328,3280
2009-02-26,0.46159998,172.42222118377686,3296
2009-03-14,0.4446,72.6944351196289,3312
2009-03-30,0.41009998,108.91669178009032,3328
2009-04-15,0.40289998,185.74454975128177,3344
2009-05-01,0.3615,170.89933061599731,3360
2009-05-17,0.3566,95.32653570175172,3376
2009-06-02,0.35209998,4.626862525939941,3392
2009-06-18,0.3321,0.0,3408
2009-07-04,0.31329998,0.0,3424
2009-07-20,0.3069,0.0,3440
2009-08-05,0.3062,0.0,3456
2009-08-21,0.3046,0.0,3472
2009-09-06,0.3418,7.788426399230957,3488
2009-09-22,0.33229998,11.689369201660156,3504
2009-10-08,0.3574,21.339917540550232,3520
2009-10-24,0.4006,98.74458742141724,3536
2009-11-09,0.35619998,66.6530339717865,3552
2009-11-25,0.3064,32.58603096008301,3568
2009-12-11,0.345,75.0841474533081,3584
2009-12-27,0.30859998,84.84584641456604,3600
2010-01-12,0.33449998,126.46220707893372,3616
2010-01-28,0.3674,72.67772316932678,3632
2010-02-13,0.4376,56.01906728744507,3648
2010-03-01,0.42209998,99.8817172050476,3664
2010-03-17,0.4346,118.22026014328004,3680
2010-04-02,0.3811,124.7360544204712,3696
2010-04-18,0.36389998,83.33256435394287,3712
2010-05-04,0.3766,0.0,3728
2010-05-20,0.29189998,9.204769849777222,3744
2010-06-05,0.2631,0.0,3760
2010-06-21,0.2276,0.0,3776
2010-07-07,0.19489999,0.0,3792
2010-07-23,0.17809999,0.0,3808
2010-08-08,0.17119999,0.0,3824
2010-08-24,0.1656,0.0,3840
2010-09-09,0.1677,0.0,3856
2010-09-25,0.18859999,0.0,3872
2010-10-11,0.1858,14.40323543548584,3888
2010-10-27,0.2147,55.38319540023804,3904
2010-11-12,0.2148,65.89443922042847,3920
2010-11-28,0.22129999,102.0960283279419,3936
2010-12-14,0.2846,82.35248947143555,3952
2010-12-30,0.4432,99.48577761650084,3968
2011-01-15,0.61759996,144.1407971382141,3984
2011-01-31,0.6368,93.01424312591551,4000
2011-02-16,0.81399995,150.55737829208374,4016
2011-03-04,0.60899997,122.5527286529541,4032
2011-03-20,0.4272,161.87372827529907,4048
2011-04-05,0.30859998,86.5534348487854,4064
2011-04-21,0.22109999,85.80714321136475,4080
2011-05-07,0.2271,15.88738775253296,4096
2011-05-23,0.22459999,7.311004877090454,4112
2011-06-08,0.2137,3.832930088043213,4128
2011-06-24,0.1401,0.0,4144
2011-07-10,0.1268,0.0,4160
2011-07-26,0.0991,0.0,4176
2011-08-11,0.0995,0.0,4192
2011-08-27,0.0959,0.0,4208
2011-09-12,0.095,0.0,4224
2011-09-28,0.1165,0.0,4240
2011-10-14,0.1117,47.68868887424469,4256
2011-10-30,0.1433,72.24096035957336,4272
2011-11-15,0.1451,81.48914766311646,4288
2011-12-01,0.1893,83.32122611999512,4304
2011-12-17,0.49989998,86.0770149230957,4320
2012-01-02,0.5952,47.93390941619873,4336
2012-01-18,0.68299997,64.58790397644043,4352
2012-02-03,0.63909996,80.45501780509949,4368
2012-02-19,0.65929997,100.81640148162842,4384
2012-03-06,0.45069999,84.69479703903198,4400
2012-03-22,0.1902,124.80358123779295,4416
2012-04-07,0.1674,37.096325397491455,4432
2012-04-23,0.2812,45.81577205657959,4448
2012-05-09,0.2934,17.83787441253662,4464
2012-05-25,0.26119998,4.592304706573486,4480
2012-06-10,0.1894,0.0,4496
2012-06-26,0.16309999,0.0,4512
2012-07-12,0.1529,0.0,4528
2012-07-28,0.1432,0.0,4544
2012-08-13,0.14649999,0.0,4560
2012-08-29,0.1409,0.0,4576
2012-09-14,0.1358,0.0,4592
2012-09-30,0.12709999,6.227765083312988,4608
2012-10-16,0.1336,3.730473518371582,4624
2012-11-01,0.0928,27.69839096069336,4640
2012-11-17,0.25509998,113.76416730880736,4656
2012-12-03,0.1282,79.7097578048706,4672
2012-12-19,0.3247,104.7928671836853,4688
2013-01-04,0.3604,98.07466554641724,4704
2013-01-20,0.7187,134.04161739349365,4720
2013-02-05,0.7102,136.3349552154541,4736
2013-02-21,0.7172,49.12623643875122,4752
2013-03-09,0.4813,54.35419034957886,4768
2013-03-25,0.281,132.44167947769165,4784
2013-04-10,0.2136,73.80087757110596,4800
2013-04-26,0.17109999,64.06836891174316,4816
2013-05-12,0.2609,15.715368747711182,4832
2013-05-28,0.37199998,7.080350399017334,4848
2013-06-13,0.28079998,6.590463161468506,4864
2013-06-29,0.1962,0.0,4880
2013-07-15,0.1511,3.787128210067749,4896
2013-07-31,0.1442,1.706018328666687,4912
2013-08-16,0.1454,0.0,4928
2013-09-01,0.14389999,6.41323709487915,4944
2013-09-17,0.1406,0.0,4960
2013-10-03,0.1428,31.457931518554688,4976
2013-10-19,0.16569999,62.6881103515625,4992
2013-11-04,0.33949998,22.269920349121097,5008
2013-11-20,0.1909,78.51729011535645,5024
2013-12-06,0.2696,146.28404426574707,5040
2013-12-22,0.2528,160.11126947402954,5056
2014-01-07,0.382,42.0741753578186,5072
2014-01-23,0.6924,99.5672197341919,5088
2014-02-08,0.8508,108.64247131347656,5104
2014-02-24,0.7319,162.46097040176392,5120
2014-03-12,0.6408,120.9998140335083,5136
2014-03-28,0.2129,81.75024604797363,5152
2014-04-13,0.2059,78.2052788734436,5168
2014-04-29,0.2823,59.09420204162598,5184
2014-05-15,0.38169998,0.0,5200
2014-05-31,0.43829998,7.953265428543091,5216
2014-06-16,0.32909998,0.0,5232
2014-07-02,0.21499999,0.0,5248
2014-07-18,0.18959999,0.0,5264
2014-08-03,0.1637,0.0,5280
2014-08-19,0.1591,0.0,5296
2014-09-04,0.1528,6.4132373332977295,5312
2014-09-20,0.1504,13.212300300598145,5328
2014-10-06,0.1504,4.863624572753906,5344
2014-10-22,0.16839999,31.140893936157227,5360
2014-11-07,0.1909,52.01652526855469,5376
2014-11-23,0.29909998,151.17479181289673,5392
2014-12-09,0.1664,58.34008884429931,5408
2014-12-25,0.2977,119.93924283981325,5424
2015-01-10,0.7448,19.80797576904297,5440
2015-01-26,0.8139,106.89791870117188,5456
2015-02-11,0.788,84.21451234817505,5472
2015-02-27,0.6895,176.1256775856018,5488
2015-03-15,0.3694,86.98893308639526,5504
2015-03-31,0.243,165.7918815612793,5520
2015-04-16,0.38079998,40.239906787872314,5536
2015-05-02,0.50479996,54.58226490020752,5552
2015-05-18,0.4414,11.400668144226074,5568
2015-06-03,0.308,0.0,5584
2015-06-19,0.21499999,6.816945791244507,5600
2015-07-05,0.1645,0.0,5616
2015-07-21,0.1454,0.0,5632
2015-08-06,0.1382,0.0,5648
2015-08-22,0.1435,2.317025661468506,5664
2015-09-07,0.1343,8.895323276519775,5680
2015-09-23,0.1435,0.0,5696
2015-10-09,0.1354,27.873199939727783,5712
2015-10-25,0.1795,20.46113348007202,5728
2015-11-10,0.3057,27.565184593200684,5744
2015-11-26,0.3274,48.5859317779541,5760
2015-12-12,0.2095,73.02367687225342,5776
2015-12-28,0.22469999,51.90999126434326,5792
2016-01-13,0.39,99.93701171875,5808
2016-01-29,0.3775,156.69293069839478,5824
2016-02-14,0.4084,90.06725788116455,5840
2016-03-01,0.48529997,11.92701816558838,5856
2016-03-17,0.42389998,74.10750436782837,5872
2016-04-02,0.2723,67.1028699874878,5888
2016-04-18,0.173,36.70413422584534,5904
2016-05-04,0.1546,32.92250728607178,5920
2016-05-20,0.16129999,0.0,5936
2016-06-05,0.13,1.3686891794204712,5952
2016-06-21,0.122999996,5.073906898498535,5968
2016-07-07,0.119799994,0.0,5984
2016-07-23,0.1193,0.0,6000
2016-08-08,0.121199995,2.2869958877563477,6016
2016-08-24,0.1179,0.0,6032
2016-09-09,0.123399995,4.126241683959961,6048
2016-09-25,0.127,0.0,6064
2016-10-11,0.1113,103.58321857452393,6080
2016-10-27,0.13159999,39.940181732177734,6096
2016-11-12,0.1471,30.39638328552246,6112
2016-11-28,0.1767,108.45616626739502,6128
2016-12-14,0.378,106.29796504974364,6144
2016-12-30,0.49179998,67.24130630493164,6160
2017-01-15,0.88799995,118.23024606704712,6176
2017-01-31,0.9259,103.6880350112915,6192
2017-02-16,0.8954,179.55779123306274,6208
2017-03-04,0.63949996,192.51118803024292,6224
2017-03-20,0.18509999,183.45199966430664,6240
2017-04-05,0.1566,76.41163110733032,6256
2017-04-21,0.2166,18.85334587097168,6272
2017-05-07,0.2498,19.59250020980835,6288
2017-05-23,0.3231,6.190904140472412,6304
2017-06-08,0.2685,0.0,6320
2017-06-24,0.2271,0.0,6336
2017-07-10,0.1805,0.0,6352
2017-07-26,0.1718,0.0,6368
2017-08-11,0.1618,0.0,6384
2017-08-27,0.1547,0.0,6400
2017-09-12,0.1566,2.5804967880249023,6416
2017-09-28,0.15269999,2.4512805938720703,6432
2017-10-14,0.1487,8.895442962646484,6448
2017-10-30,0.14739999,0.0,6464
2017-11-15,0.1732,139.03357982635498,6480
2017-12-01,0.3222,78.40968084335327,6496
2017-12-17,0.83159995,105.0210132598877,6512
2018-01-02,0.94729996,125.65329933166504,6528
2018-01-18,0.8904,71.94953060150146,6544
2018-02-03,0.7809,124.7642331123352,6560
2018-02-19,0.5317,125.49806928634644,6576
2018-03-07,0.18789999,97.97403836250304,6592
2018-03-23,0.17019999,183.1895775794983,6608
2018-04-08,0.285,79.19493675231934,6624
2018-04-24,0.3646,44.09859561920166,6640
2018-05-10,0.2924,9.032434225082396,6656
2018-05-26,0.2377,0.0,6672
2018-06-11,0.1863,0.0,6688
2018-06-27,0.1577,0.0,6704
2018-07-13,0.1437,5.6735429763793945,6720
2018-07-29,0.14,0.0,6736
2018-08-14,0.134,0.0,6752
2018-08-30,0.13239999,2.6734570523585717,6768
2018-09-15,0.1308,6.7005534172058105,6784
2018-10-01,0.13,0.0,6800
2018-10-17,0.1563,59.595930099487305,6816
2018-11-02,0.23709999,45.692301750183105,6832
2018-11-18,0.161,37.93535900115967,6848
2018-12-04,0.3838,126.54090785980225,6864
2018-12-20,0.4134,59.870171546936035,6880
2019-01-05,0.72099996,102.7084014452994,6896
2019-01-21,0.8391,140.09341478347778,6912
2019-02-06,0.74289995,93.97505712509157,6928
2019-02-22,0.6737,98.03750944137572,6944
2019-03-10,0.4829,105.14255666732788,6960
2019-03-26,0.17639999,105.57268047332764,6976
2019-04-11,0.1637,87.35125780105591,6992
2019-04-27,0.4353,28.836580540053543,7008
2019-05-13,0.5057,9.315410852432253,7024
2019-05-29,0.4655,11.02061367034912,7040
2019-06-14,0.35799998,2.1751412735829945,7056
2019-06-30,0.254,0.0,7072
2019-07-16,0.2155,0.0,7088
2019-08-01,0.19659999,0.0,7104
2019-08-17,0.1721,0.0,7120
2019-09-02,0.1519,0.0,7136
2019-09-18,0.1424,0.0,7152
2019-10-04,0.1384,33.82251453399658,7168
2019-10-20,0.1795,8.653152465820312,7184
2019-11-05,0.219,62.18915939331055,7200
2019-11-21,0.1353,63.70552921295166,7216
2019-12-07,0.2602,75.65345668792725,7232
2019-12-23,0.2575,28.373181343078613,7248
2020-01-08,0.7022,137.59696578979492,7264
2020-01-24,0.82799995,86.57933712005615,7280
2020-02-09,0.8279,118.43889999389648,7296
2020-02-25,0.80009997,96.28697299957275,7312
2020-03-12,0.5363,127.31983184814452,7328
2020-03-28,0.26119998,150.3935031890869,7344
2020-04-13,0.2871,25.221632957458496,7360
2020-04-29,0.3631,98.86267292499542,7376
2020-05-15,0.4411,14.196606993675232,7392
2020-05-31,0.3665,8.277938574552536,7408
2020-06-16,0.3137,3.297632370221436,7424
2020-07-02,0.2537,0.0,7440
2020-07-18,0.2357,1.7936137500219047,7456
2020-08-03,0.2332,0.0070146577199921,7472
2020-08-19,0.21409999,0.0,7488
2020-09-04,0.1683,1.5391998291015625,7504
2020-09-20,0.1566,0.0,7520
2020-10-06,0.16,15.874724626541138,7536
2020-10-22,0.1485,29.85572338104248,7552
2020-11-07,0.1618,103.35023242235184,7568
2020-11-23,0.16229999,98.02021408081056,7584
2020-12-09,0.1709,19.951436042785645,7600
2020-12-25,0.539,87.87399864196777,7616
2021-01-10,0.8088,28.507990837097168,7632
2021-01-26,0.8073,40.54995501041412,7648
2021-02-11,0.761,57.8388557434082,7664
2021-02-27,0.44059998,247.57590198516849,7680
2021-03-15,0.2298,101.24039554595949,7696
2021-03-31,0.1936,66.21866869926453,7712
2021-04-16,0.40219998,58.024880170822144,7728
2021-05-02,0.5158,99.03133535385132,7744
2021-05-18,0.45369998,0.0,7760
2021-06-03,0.2881,0.0,7776
2021-06-19,0.19049999,0.0,7792
2021-07-05,0.1766,0.0,7808
2021-07-21,0.17119999,0.0,7824
2021-08-06,0.17009999,0.0,7840
2021-08-22,0.16239999,0.0,7856
2021-09-07,0.1689,0.0,7872
2021-09-23,0.1478,5.104929447174072,7888
2021-10-09,0.1775,9.195611000061035,7904
2021-10-25,0.17889999,91.32505416870116,7920
2021-11-10,0.2039,150.1663646697998,7936
2021-11-26,0.43919998,115.82397317886353,7952
2021-12-12,0.7259,208.0473899841309,7968
2021-12-28,0.86649996,158.47211122512817,7984
2022-01-13,0.84819996,176.41962718963623,8000
2022-01-29,0.60899997,77.09187412261963,8016
2022-02-14,0.32889998,81.87046790122986,8032
2022-03-02,0.2599,77.33873534202576,8048
2022-03-18,0.42549998,182.27969026565552,8064
2022-04-03,0.6756,82.90099549293518,8080
2022-04-19,0.5406,114.99910378456116,8096
2022-05-05,0.533,28.99717688560486,8112
2022-05-21,0.37,6.261097550392151,8128
2022-06-06,0.2267,5.961239337921143,8144
2022-06-22,0.1437,12.953317165374756,8160
2022-07-08,0.15869999,0.0,8176
2022-07-24,0.16579999,0.0,8192
2022-08-09,0.1586,3.1756067276000977,8208
2022-08-25,0.1532,5.312875270843506,8224
2022-09-10,0.155,0.0,8240
2022-09-26,0.13599999,33.50966143608093,8256
2022-10-12,0.127,0.7405315637588501,8272
2022-10-28,0.1028,84.47422456741333,8288
2022-11-13,0.17469999,39.78633522987366,8304
2022-11-29,0.2598,183.71587872505188,8320
2022-12-15,0.7511,64.39483261108398,8336
2022-12-31,0.8772,153.9282579421997,8352
2023-01-16,0.82159996,40.20223379135132,8368
2023-02-01,0.8912,63.27519965171814,8384
2023-02-17,0.4588,69.10457563400269,8400
2023-03-05,0.4192,63.08858013153076,8416
2023-03-21,0.2068,215.9361128807068,8432
2023-04-06,0.43039998,124.76949167251588,8448
2023-04-22,0.54649997,42.453912019729614,8464
2023-05-08,0.5798,45.66703414916992,8480
2023-05-24,0.6186,4.171140074729919,8496
2023-06-09,0.486,0.0,8512
2023-06-25,0.4055,0.0,8528
2023-07-11,0.3602,0.0,8544
2023-07-27,0.2923,0.0,8560
2023-08-12,0.2473,0.0,8576
2023-08-28,0.1722,6.1204423904418945,8592
2023-09-13,0.175,0.0,8608
2023-09-29,0.1723,8.117809295654297,8624
2023-10-15,0.1563,6.648036479949951,8640
2023-10-31,0.1841,12.941068649291992,8656
2023-11-16,0.1611,66.04887580871582,8672
2023-12-02,0.2844,35.59426689147949,8688
2023-12-18,0.4082,88.11837768554688,8704
2024-01-03,0.7012,92.15685510635376,8720
2024-01-19,0.80009997,91.43252468109132,8736
2024-02-04,0.79459995,120.94103527069092,8752
2024-02-20,0.7739,98.66582107543944,8768
2024-03-07,0.39209998,133.94263124465942,8784
2024-03-23,0.175,37.915175437927246,8800
2024-04-08,0.3482,92.76340198516846,8816
2024-04-24,0.5141,77.20102834701538,8832
2024-05-10,0.4869,22.358098030090332,8848
2024-05-26,0.4409,0.3605204437335487,8864
2024-06-11,0.3206,0.0,8880
2024-06-27,0.2649,1.6235172152519226,8896
2024-07-13,0.24129999,0.0,8912
2024-07-29,0.1915,0.0,8928
2024-08-14,0.199,0.0,8944
2024-08-30,0.1857,3.99578395485878,8960
2024-09-15,0.1635,2.07954740524292,8976
2024-10-01,0.1503,0.0,8992
2024-10-17,0.14379999,21.198965787887573,9008
2024-11-02,0.12459999,52.2713041305542,9024
2024-11-18,0.1293,60.99449586868286,9040
2024-12-04,0.1616,88.13383769989014,9056
2024-12-20,0.53099996,76.63294792175293,9072
2025-01-05,0.64449996,100.70361757278442,9088
2025-01-21,0.84849995,202.7279658317566,9104
2025-02-06,0.80619997,68.04858946800232,9120
2025-02-22,0.958,56.12187170982361,9136
2025-03-10,0.2244,97.7050274014473,9152
2025-03-26,0.3188,135.57859468460083,9168
